skeib,skaib,skibidi seminar,cube seminar,business seminar,orange seminar,cheese seminar
skeib,skaib,skibidi seminar,cube seminar,business seminar,orange seminar,cheese seminar
skeib,skaib,skibidi seminar,cube seminar,business seminar,orange seminar,cheese seminar
skeib,skaib,skibidi seminar,cube seminar,business seminar,orange seminar,cheese seminar
skeib,skaib,skibidi seminar,cube seminar,business seminar,orange seminar,cheese seminar
skeib,skaib,skibidi seminar,cube seminar,business seminar,orange seminar,cheese seminar
skeib,skaib,skibidi seminar,cube seminar,business seminar,orange seminar,cheese seminar
skeib,skaib,skibidi seminar,cube seminar,business seminar,orange seminar,cheese seminar
skeib,skaib,skibidi seminar,cube seminar,business seminar,orange seminar,cheese seminar
skeib,skaib,skibidi seminar,cube seminar,business seminar,orange seminar,cheese seminar
skeib,skaib,skibidi seminar,cube seminar,business seminar,orange seminar,cheese seminar
skeib,skaib,skibidi seminar,cube seminar,business seminar,orange seminar,cheese seminar
skeib,skaib,skibidi seminar,cube seminar,business seminar,orange seminar,cheese seminar
skeib,skaib,skibidi seminar,cube seminar,business seminar,orange seminar,cheese seminar
skeib,skaib,skibidi seminar,cube seminar,business seminar,orange seminar,cheese seminar
skeib,skaib,skibidi seminar,cube seminar,business seminar,orange seminar,cheese seminar
skeib,skaib,skibidi seminar,cube seminar,business seminar,orange seminar,cheese seminar
skeib,skaib,skibidi seminar,cube seminar,business seminar,orange seminar,cheese seminar
skeib,skaib,skibidi seminar,cube seminar,business seminar,orange seminar,cheese seminar
skeib,skaib,skibidi seminar,cube seminar,business seminar,orange seminar,cheese seminar
skeib,skaib,skibidi seminar,cube seminar,business seminar,orange seminar,cheese seminar
skeib,skaib,skibidi seminar,cube seminar,business seminar,orange seminar,cheese seminar
skeib,skaib,skibidi seminar,cube seminar,business seminar,orange seminar,cheese seminar
skeib,skaib,skibidi seminar,cube seminar,business seminar,orange seminar,cheese seminar
skeib,skaib,skibidi seminar,cube seminar,business seminar,orange seminar,cheese seminar
skeib,skaib,skibidi seminar,cube seminar,business seminar,orange seminar,cheese seminar
skeib,skaib,skibidi seminar,cube seminar,business seminar,orange seminar,cheese seminar
skeib,skaib,skibidi seminar,cube seminar,business seminar,orange seminar,cheese seminar
skeib,skaib,skibidi seminar,cube seminar,business seminar,orange seminar,cheese seminar
skeib,skaib,skibidi seminar,cube seminar,business seminar,orange seminar,cheese seminar
skeib,skaib,skibidi seminar,cube seminar,business seminar,orange seminar,cheese seminar
skeib,skaib,skibidi seminar,cube seminar,business seminar,orange seminar,cheese seminar
skeib,skaib,skibidi seminar,cube seminar,business seminar,orange seminar,cheese seminar
skeib,skaib,skibidi seminar,cube seminar,business seminar,orange seminar,cheese seminar
skeib,skaib,skibidi seminar,cube seminar,business seminar,orange seminar,cheese seminar
skeib,skaib,skibidi seminar,cube seminar,business seminar,orange seminar,cheese seminar
skeib,skaib,skibidi seminar,cube seminar,business seminar,orange seminar,cheese seminar
skeib,skaib,skibidi seminar,cube seminar,business seminar,orange seminar,cheese seminar
skeib,skaib,skibidi seminar,cube seminar,business seminar,orange seminar,cheese seminar
skeib,skaib,skibidi seminar,cube seminar,business seminar,orange seminar,cheese seminar