@doversherborn.org, name
@doversherborn.org, name
@doversherborn.org, name
@doversherborn.org, name
@doversherborn.org, name
@doversherborn.org, name
@doversherborn.org, name
@doversherborn.org, name
@doversherborn.org, name
@doversherborn.org, name
@doversherborn.org, name
@doversherborn.org, name
@doversherborn.org, name
@doversherborn.org, name
@doversherborn.org, name
@doversherborn.org, name
@doversherborn.org, name
@doversherborn.org, name
@doversherborn.org, name
@doversherborn.org, name
@doversherborn.org, name
@doversherborn.org, name
@doversherborn.org, name
@doversherborn.org, name
@doversherborn.org, name
@doversherborn.org, name
@doversherborn.org, name
@doversherborn.org, name
@doversherborn.org, name
@doversherborn.org, name
@doversherborn.org, name
@doversherborn.org, name
@doversherborn.org, name
@doversherborn.org, name
@doversherborn.org, name
@doversherborn.org, name
@doversherborn.org, name
@doversherborn.org, name
@doversherborn.org, name
@doversherborn.org, name
@doversherborn.org, name
@doversherborn.org, name
@doversherborn.org, name
@doversherborn.org, name
@doversherborn.org, name
@doversherborn.org, name
@doversherborn.org, name
@doversherborn.org, name
@doversherborn.org, name